icb22cdh,icb22cd
QOX,E63000001
QHG,E63000002
QHL,E63000003
QUY,E63000004
QU9,E63000005
QUE,E63000006
QYG,E63000007
QT6,E63000008
QWU,E63000009
QHM,E63000010
QJK,E63000011
QVV,E63000012
QMF,E63000013
QNQ,E63000014
QR1,E63000015
QOP,E63000016
QRL,E63000017
QE1,E63000018
QGH,E63000019
QM7,E63000020
QOQ,E63000021
QJ2,E63000022
QKS,E63000023
QK1,E63000024
QJM,E63000025
QH8,E63000026
QMM,E63000027
QMJ,E63000028
QRV,E63000029
QPM,E63000030
QT1,E63000031
QKK,E63000032
QOC,E63000033
QSL,E63000034
QWE,E63000035
QF7,E63000036
QNC,E63000037
QJG,E63000038
QXU,E63000039
QNX,E63000040
QUA,E63000041
QWO,E63000042
